epoch,time,train/box_loss,train/cls_loss,train/dfl_loss,metrics/precision(B),metrics/recall(B),metrics/mAP50(B),metrics/mAP50-95(B),val/box_loss,val/cls_loss,val/dfl_loss,lr/pg0,lr/pg1,lr/pg2
1,4.65331,2.43522,6.09697,1.38661,0.00242,0.16667,0.00166,0.00066,2.7078,3.80839,1.32439,5.001e-05,5.001e-05,5.001e-05
2,5.21801,3.06229,9.1658,1.87355,0.00246,0.16667,0.00171,0.00051,2.93568,3.8293,1.39866,0.000116305,0.000116305,0.000116305
3,5.87743,2.41564,6.85089,1.33619,0.00613,0.16667,0.00418,0.00078,2.59925,3.71272,1.2062,0.00018216,0.00018216,0.00018216
4,6.5629,1.53956,5.56109,1.06564,0.00617,0.16667,0.00412,0.00176,1.53727,3.76344,1.03408,0.000247575,0.000247575,0.000247575
5,7.24794,1.55964,4.10022,1.05229,0.0051,0.16667,0.00423,0.00099,1.8845,3.81755,1.25656,0.000312549,0.000312549,0.000312549
6,7.99967,0.96249,7.48864,0.711,0.01946,0.66667,0.021,0.01202,1.4476,3.67295,1.07321,0.000377084,0.000377084,0.000377084
7,8.69333,1.27658,3.47561,1.03004,0.0308,1,0.03804,0.01954,1.26726,3.63582,1.01097,0.000441178,0.000441178,0.000441178
8,9.4562,1.11215,3.14155,0.90524,0.03062,1,0.03565,0.01543,1.61712,3.61895,1.08445,0.000504833,0.000504833,0.000504833
9,10.1723,0.94403,3.24768,0.83651,0.02919,1,0.04097,0.02351,1.06683,3.59639,0.92619,0.000568047,0.000568047,0.000568047
10,10.9484,0.93133,2.79042,0.86327,0.03014,1,0.04083,0.02188,1.08111,3.6954,0.92674,0.000630821,0.000630821,0.000630821
11,11.663,1.11444,2.77879,0.87569,0.0254,0.66667,0.02534,0.01742,1.04935,3.6623,0.8794,0.000693155,0.000693155,0.000693155
12,12.2741,0.73779,6.23985,0.65056,0.0212,0.58333,0.02068,0.01285,0.89164,3.72536,0.86887,0.000755049,0.000755049,0.000755049
13,12.8978,0.89128,3.33898,0.85339,0.02965,1,0.10986,0.08968,0.9991,3.51581,0.89252,0.000816503,0.000816503,0.000816503
14,13.4984,0.98579,2.92117,0.87932,0.02322,0.66667,0.10218,0.06638,1.00154,3.5995,0.89247,0.000877517,0.000877517,0.000877517
15,14.1045,0.97614,2.63982,0.87425,0.01313,0.41667,0.09158,0.04762,0.9338,3.52941,0.89901,0.000938091,0.000938091,0.000938091
16,14.6985,0.90581,3.1982,0.84404,0,0,0,0,1.13749,3.64991,0.9746,0.000998225,0.000998225,0.000998225
17,15.3639,1.07439,2.82811,0.91399,0.0034,0.08333,0.08392,0.07553,1.20259,3.73256,0.96606,0.00105792,0.00105792,0.00105792
18,15.9005,0.86619,2.62046,0.91034,0.0073,0.16667,0.0056,0.00413,1.05375,3.86897,0.94464,0.00111717,0.00111717,0.00111717
19,16.4824,1.14286,2.35471,0.90656,0.02627,0.91667,0.11549,0.08847,1.25102,3.32371,0.94649,0.00117599,0.00117599,0.00117599
20,17.0653,0.97104,2.58119,0.87091,0.02685,0.83333,0.11086,0.06906,1.12958,3.13443,0.96567,0.00123436,0.00123436,0.00123436
21,17.7041,0.95889,2.07111,0.87258,0.00336,0.08333,0.0839,0.06712,2.01828,3.39627,1.28504,0.00129229,0.00129229,0.00129229
22,18.4695,0.93609,2.08198,0.87353,0.66926,0.21595,0.19678,0.14616,1.04633,2.98496,0.94719,0.00134978,0.00134978,0.00134978
23,19.095,1.12579,2.17092,0.93295,0.02539,0.83333,0.3448,0.24741,1.42048,3.25769,1.03634,0.00140684,0.00140684,0.00140684
24,19.7079,0.9067,2.05448,0.87721,0.02787,0.91667,0.17431,0.12607,1.06744,2.99248,0.98153,0.00146345,0.00146345,0.00146345
25,20.2838,0.68074,3.74096,0.64177,0.0251,0.83333,0.13775,0.12485,1.10372,3.15532,0.99731,0.00151962,0.00151962,0.00151962
26,20.8822,0.81744,1.91683,0.88552,0.53611,0.08333,0.01051,0.00247,1.36008,3.95195,1.07551,0.00152947,0.00152947,0.00152947
27,21.4669,0.94807,1.77939,0.87496,0.02896,0.5,0.02478,0.01455,1.55577,3.89455,1.07038,0.00152397,0.00152397,0.00152397
28,22.064,0.90144,1.86455,0.89625,0.7562,0.08333,0.1755,0.11892,1.45168,3.413,1.07937,0.00151847,0.00151847,0.00151847
29,22.6274,0.9161,1.7316,0.86734,0.89025,0.08333,0.27892,0.24782,0.97734,3.28056,0.9189,0.00151297,0.00151297,0.00151297
30,23.232,0.99779,1.88164,0.86782,1,0.13642,0.54279,0.43679,1.06749,2.73532,0.96138,0.00150747,0.00150747,0.00150747
31,23.8265,0.91444,1.72122,0.8668,0.03022,0.75,0.44743,0.32579,1.1762,3.1495,0.99474,0.00150197,0.00150197,0.00150197
32,24.4565,0.95265,1.65369,0.86482,1,0.15345,0.42863,0.31785,1.24233,2.88819,1.01663,0.00149647,0.00149647,0.00149647
33,25.0594,0.85261,1.63923,0.85755,1,0.21751,0.60131,0.39634,1.57077,2.69671,1.13579,0.00149096,0.00149096,0.00149096
34,25.6197,0.85646,1.63725,0.84631,1,0.15579,0.45104,0.25341,2.0185,2.7938,1.22064,0.00148546,0.00148546,0.00148546
35,26.1859,0.99285,1.77139,0.85283,1,0.15385,0.55179,0.4002,1.04272,2.86251,0.94116,0.00147996,0.00147996,0.00147996
36,26.7642,0.91919,1.5686,0.89993,1,0.15356,0.47509,0.27989,1.83826,2.6896,1.12578,0.00147446,0.00147446,0.00147446
37,27.3245,0.8768,1.67958,0.86999,0.17735,0.91667,0.42425,0.27479,1.37032,2.99429,0.9883,0.00146896,0.00146896,0.00146896
38,27.9161,1.07773,1.48204,0.89691,0.08934,0.91667,0.55044,0.35228,1.26398,2.89955,0.96375,0.00146346,0.00146346,0.00146346
39,28.4925,1.08577,1.75694,0.92195,0.16888,0.91667,0.3233,0.25106,1.0404,3.2102,0.94009,0.00145796,0.00145796,0.00145796
40,29.0792,0.94992,1.6276,0.85969,0.19354,0.91667,0.51779,0.35702,1.08828,2.22638,0.94284,0.00145246,0.00145246,0.00145246
41,29.6661,1.12525,1.66254,0.91215,0.68463,0.25,0.68517,0.54269,0.99054,1.87652,0.92064,0.00144696,0.00144696,0.00144696
42,30.3007,0.93288,1.40386,0.86527,0.82099,0.08333,0.29609,0.221,1.37281,3.67964,1.01359,0.00144145,0.00144145,0.00144145
43,30.8817,0.7729,1.46473,0.86479,0.06829,1,0.52024,0.44524,0.93751,2.49239,0.89923,0.00143595,0.00143595,0.00143595
44,31.4511,0.92901,1.62863,0.85092,0.79762,0.42591,0.55255,0.41391,0.92306,1.98276,0.88437,0.00143045,0.00143045,0.00143045
45,32.0274,0.71123,1.40994,0.87673,0.77038,0.66667,0.83309,0.54193,0.89177,1.58208,0.89536,0.00142495,0.00142495,0.00142495
46,32.6088,0.84266,1.4797,0.86019,0.8041,0.41667,0.79963,0.60623,0.85323,1.73817,0.86972,0.00141945,0.00141945,0.00141945
47,33.1994,0.75744,1.49557,0.89088,0.87605,0.25349,0.77519,0.574,0.92199,2.05411,0.90209,0.00141395,0.00141395,0.00141395
48,33.7733,0.93038,1.46786,0.87654,0.20158,1,0.812,0.67662,0.86088,2.3803,0.88328,0.00140845,0.00140845,0.00140845
49,34.5534,0.89615,1.56288,0.89831,0.16425,0.91667,0.43079,0.2789,1.42732,2.86031,1.04898,0.00140295,0.00140295,0.00140295
50,35.3082,0.80886,1.52878,0.90969,0.4625,0.91667,0.81083,0.64913,0.80127,2.94533,0.91427,0.00139745,0.00139745,0.00139745
51,35.9436,0.69244,1.49421,0.85151,0.83333,0.5,0.66693,0.47376,1.0245,3.763,0.93474,0.00139195,0.00139195,0.00139195
52,36.5164,0.87316,1.39286,0.85517,0.66667,0.5,0.55582,0.43913,0.86172,3.74158,0.88617,0.00138644,0.00138644,0.00138644
53,37.104,0.74406,1.58042,0.84071,0.31525,0.76069,0.48905,0.38661,0.86188,2.43536,0.90329,0.00138094,0.00138094,0.00138094
54,37.7409,0.86736,1.34115,0.9135,0.94742,0.33333,0.88639,0.61046,0.90369,1.78427,0.91333,0.00137544,0.00137544,0.00137544
55,38.2665,0.78866,1.44895,0.85075,0.29167,0.33333,0.34798,0.25454,1.28595,3.82791,1.02921,0.00136994,0.00136994,0.00136994
56,38.8473,1.29369,2.10695,0.87738,0.93958,0.08333,0.11493,0.08483,2.31789,3.38103,1.36636,0.00136444,0.00136444,0.00136444
57,39.4936,0.8539,1.20897,0.85151,0.5,0.08333,0.29166,0.23333,2.27309,4.30533,1.29525,0.00135894,0.00135894,0.00135894
58,40.0746,0.8114,1.24091,0.83783,0.2037,0.75,0.45116,0.3433,1.1736,2.85111,0.98212,0.00135344,0.00135344,0.00135344
59,40.6165,0.70376,1.34055,0.83811,0.74118,0.08333,0.25038,0.19577,0.96404,2.6717,0.94612,0.00134794,0.00134794,0.00134794
60,41.2504,0.78209,1.2671,0.85015,0.1744,0.16667,0.15427,0.10535,1.62506,3.45404,1.11739,0.00134244,0.00134244,0.00134244
61,41.809,0.87289,1.29544,0.90228,0.95227,0.16667,0.2352,0.18939,1.22217,2.90842,0.98939,0.00133693,0.00133693,0.00133693
62,42.5057,0.63944,1.07685,0.80502,0.24351,0.75,0.72377,0.62487,0.80944,2.66094,0.88423,0.00133143,0.00133143,0.00133143
63,43.2685,0.75393,1.0886,0.85776,0.25943,0.5,0.41656,0.27437,1.54701,2.70965,1.01916,0.00132593,0.00132593,0.00132593
64,43.9053,0.83021,1.39225,0.87389,0.55825,0.56411,0.43505,0.33811,1.09831,1.87458,0.94231,0.00132043,0.00132043,0.00132043
65,44.5041,0.77762,1.34726,0.84537,0.44032,0.08333,0.11943,0.09195,1.30277,3.3283,0.97439,0.00131493,0.00131493,0.00131493
66,45.259,0.74958,1.19132,0.90006,0.44348,0.08333,0.12729,0.1139,1.09397,3.93927,0.93879,0.00130943,0.00130943,0.00130943
67,46.0187,0.80456,1.39081,0.86563,0.96676,0.08333,0.14082,0.10611,1.19069,2.44171,0.95773,0.00130393,0.00130393,0.00130393
68,46.691,0.77367,1.2016,0.88334,0.41485,0.25,0.3386,0.2626,0.94996,2.66733,0.91447,0.00129843,0.00129843,0.00129843
69,47.3945,0.81404,1.37582,0.85652,0.40804,0.41667,0.19658,0.15179,1.20163,2.07504,0.94533,0.00129293,0.00129293,0.00129293
70,47.9583,0.86575,1.34598,0.82393,0.36501,0.81231,0.5763,0.45506,0.87542,6.82106,0.92312,0.00128742,0.00128742,0.00128742
71,48.6477,0.91827,1.56113,0.8392,0.49489,0.5,0.21885,0.123,1.67418,47.5594,1.1477,0.00128192,0.00128192,0.00128192
72,49.3659,1.06182,1.8604,0.92819,0.01689,0.5,0.01196,0.00618,2.01696,611.561,1.26873,0.00127642,0.00127642,0.00127642
73,50.1185,0.71939,1.18256,0.83286,0.27831,0.83333,0.48925,0.32675,1.12054,10.0856,0.99595,0.00127092,0.00127092,0.00127092
74,50.8356,0.64416,1.06544,0.83075,0.57914,0.62266,0.50073,0.43619,0.77023,4.01783,0.88629,0.00126542,0.00126542,0.00126542
75,51.3974,0.75953,1.24477,0.87804,0.74473,0.57046,0.59756,0.45944,0.99292,2.00294,0.92121,0.00125992,0.00125992,0.00125992
76,51.9717,0.54478,1.7945,0.61671,0.42622,0.25,0.34265,0.30469,0.84987,2.81946,0.89713,0.00125442,0.00125442,0.00125442
77,52.6247,0.7028,1.15339,0.83801,0.87855,0.4032,0.63752,0.53977,0.7072,1.43927,0.86437,0.00124892,0.00124892,0.00124892
78,53.2016,0.59587,1.27716,0.73694,0.28449,0.66667,0.37339,0.29839,0.87202,4.30339,0.91316,0.00124342,0.00124342,0.00124342
79,53.7748,0.69673,1.1393,0.81767,0.36602,0.66667,0.33472,0.24068,0.9805,3.44589,0.92426,0.00123791,0.00123791,0.00123791
80,54.3774,0.68683,1.02188,0.85455,0.33539,0.66667,0.40944,0.2928,1.04206,2.39467,0.97181,0.00123241,0.00123241,0.00123241
81,55.1235,0.68578,0.98192,0.782,0.38846,0.64976,0.47934,0.38054,0.81227,1.51926,0.89667,0.00122691,0.00122691,0.00122691
82,55.7528,0.74267,0.95183,0.84397,0.51469,0.66667,0.68202,0.56478,0.8802,1.11959,0.91638,0.00122141,0.00122141,0.00122141
83,56.304,0.67763,0.86292,0.80075,0.70379,0.5,0.84375,0.59278,1.26642,1.51208,0.97196,0.00121591,0.00121591,0.00121591
84,56.8847,0.78521,1.04287,0.84451,0.34909,0.55327,0.55606,0.46444,0.83537,1.33531,0.88543,0.00121041,0.00121041,0.00121041
85,57.4684,0.81638,0.92135,0.8192,0.65163,0.5,0.60367,0.49919,0.81217,1.11,0.89385,0.00120491,0.00120491,0.00120491
86,58.0792,0.73738,1.00934,0.84368,0.85219,0.5,0.75939,0.64043,0.78245,1.15941,0.87433,0.00119941,0.00119941,0.00119941
87,58.6307,0.66365,0.86007,0.81258,0.93572,0.48868,0.74925,0.61834,0.78182,1.03441,0.87816,0.00119391,0.00119391,0.00119391
88,59.2505,0.56332,0.82252,0.84223,0.62625,0.75,0.80133,0.6831,0.65706,0.92347,0.86282,0.0011884,0.0011884,0.0011884
89,59.8867,0.69403,1.14823,0.82749,0.90513,0.41667,0.70208,0.57358,0.86227,1.27424,0.88861,0.0011829,0.0011829,0.0011829
90,60.4437,0.6576,0.82811,0.81338,0.63044,0.83333,0.75107,0.59318,0.75158,1.01515,0.87592,0.0011774,0.0011774,0.0011774
91,61.0063,0.72277,1.09043,0.83454,0.21667,0.66667,0.30449,0.20806,0.97965,3.33732,0.91968,0.0011719,0.0011719,0.0011719
92,61.6063,0.71696,1.17799,0.79682,0.45315,0.83333,0.55037,0.44001,0.64554,1.62143,0.86007,0.0011664,0.0011664,0.0011664
93,62.1843,0.70407,1.10583,0.825,0.36859,0.83333,0.46673,0.37325,0.8248,1.40867,0.87461,0.0011609,0.0011609,0.0011609
94,62.7897,0.63234,0.86134,0.85324,0.05556,0.08333,0.10574,0.09517,0.91835,4.23294,0.93295,0.0011554,0.0011554,0.0011554
95,63.3805,0.69498,0.85589,0.84538,0.2,0.16667,0.2055,0.16871,0.9366,4.63312,0.923,0.0011499,0.0011499,0.0011499
96,63.9759,0.73708,1.11812,0.80601,0.125,0.66667,0.29435,0.23383,0.76175,2.68678,0.8655,0.0011444,0.0011444,0.0011444
97,64.6046,0.65837,0.85502,0.80545,0.16667,0.25,0.14857,0.12173,0.84816,4.34257,0.90672,0.00113889,0.00113889,0.00113889
98,65.1626,0.59233,0.75474,0.82325,0.16667,0.08333,0.15222,0.137,0.8602,4.53948,0.91519,0.00113339,0.00113339,0.00113339
99,65.7363,0.94853,0.89402,0.77864,0,0,0,0,0.96103,4.72495,0.93141,0.00112789,0.00112789,0.00112789
100,66.3136,0.51918,0.91956,0.618,0.75,0.33333,0.49999,0.44928,0.83309,4.25096,0.89696,0.00112239,0.00112239,0.00112239
101,66.9734,0.76048,0.82334,0.80247,0.50302,0.83333,0.66637,0.55126,0.77022,1.38266,0.87991,0.00111689,0.00111689,0.00111689
102,67.5228,0.59711,0.81009,0.79261,0.96472,0.57232,0.76554,0.65078,0.78096,0.95567,0.88495,0.00111139,0.00111139,0.00111139
103,68.113,0.49815,0.73814,0.82731,0.76721,0.68028,0.83467,0.74208,0.79874,0.926,0.88038,0.00110589,0.00110589,0.00110589
104,68.7107,0.57878,0.81941,0.83507,0.53662,0.66667,0.71842,0.55309,0.96526,1.29081,0.93426,0.00110039,0.00110039,0.00110039
105,69.3286,0.62641,0.72404,0.84526,0.66496,0.5,0.73038,0.60498,0.75595,1.21825,0.8759,0.00109489,0.00109489,0.00109489
106,69.8747,0.46491,3.7677,0.6155,0.73078,0.83333,0.74586,0.57097,0.86151,1.26296,0.88793,0.00108938,0.00108938,0.00108938
107,70.4469,0.62814,0.76726,0.81837,0.90596,0.5656,0.75925,0.63823,0.75273,0.94093,0.86655,0.00108388,0.00108388,0.00108388
108,71.0411,0.54757,0.68075,0.82098,0.63408,0.72593,0.77927,0.64611,0.7649,1.05243,0.86494,0.00107838,0.00107838,0.00107838
109,71.631,0.59581,0.75889,0.82096,0.40412,0.83333,0.73292,0.62913,0.75105,1.30855,0.87561,0.00107288,0.00107288,0.00107288
110,72.2236,0.60851,0.75604,0.84451,0.93672,0.41667,0.70562,0.6073,0.73502,1.39346,0.87902,0.00106738,0.00106738,0.00106738
111,72.8217,0.8619,0.86206,0.83096,0.55976,0.57412,0.75354,0.66688,0.69153,1.31738,0.87172,0.00106188,0.00106188,0.00106188
112,73.3944,0.65783,0.75822,0.85632,0.87668,0.41667,0.67069,0.58455,0.64539,1.47027,0.8536,0.00105638,0.00105638,0.00105638
113,74.001,0.71231,1.356,0.82631,0.30952,0.58333,0.57821,0.53132,0.70078,3.003,0.87085,0.00105088,0.00105088,0.00105088
114,74.5911,0.60189,0.74668,0.79909,0.5,0.16667,0.33333,0.29999,0.85292,4.88047,0.93163,0.00104538,0.00104538,0.00104538
115,75.1702,0.56601,0.69388,0.82968,0.5,0.16667,0.33333,0.29999,0.82291,4.67178,0.90318,0.00103987,0.00103987,0.00103987
116,75.7545,0.67848,0.81454,0.84121,0.30952,0.58333,0.60654,0.46485,0.77876,3.30112,0.87856,0.00103437,0.00103437,0.00103437
117,76.3922,0.67655,0.90436,0.81934,0.625,0.25,0.40624,0.33228,0.77003,4.35092,0.88586,0.00102887,0.00102887,0.00102887
118,76.9541,0.68946,0.66178,0.79271,0.35417,0.41667,0.29291,0.27311,0.67844,3.9693,0.86029,0.00102337,0.00102337,0.00102337
119,77.7117,0.62171,0.63239,0.81457,0.23333,0.83333,0.4087,0.32966,0.71587,2.61503,0.8644,0.00101787,0.00101787,0.00101787
120,78.4783,0.67629,0.72388,0.79991,0.62633,0.79779,0.67926,0.52051,0.71916,1.38541,0.86102,0.00101237,0.00101237,0.00101237
121,79.055,0.65226,0.62205,0.80238,0.58203,0.79941,0.68738,0.58167,0.62113,1.21265,0.8481,0.00100687,0.00100687,0.00100687
122,79.6581,0.60088,0.65735,0.76397,0.58374,0.75899,0.6032,0.46551,0.66707,1.54246,0.86332,0.00100137,0.00100137,0.00100137
123,80.2364,0.61492,0.62789,0.80711,0.34091,0.83333,0.56435,0.44128,0.63093,2.59477,0.8622,0.000995866,0.000995866,0.000995866
124,80.8391,0.53515,0.72956,0.77794,0.45833,0.83333,0.58104,0.49226,0.64165,2.89858,0.86298,0.000990365,0.000990365,0.000990365
125,81.3926,0.62299,0.67306,0.81069,0.37013,0.75,0.51677,0.42674,0.66756,3.09042,0.86072,0.000984864,0.000984864,0.000984864
126,81.9919,0.66261,0.7215,0.84123,0.45,0.5,0.41707,0.34548,0.68492,3.51009,0.8588,0.000979362,0.000979362,0.000979362
127,82.584,0.6735,0.60301,0.80728,0.41667,0.5,0.41146,0.37643,0.73732,3.51748,0.86907,0.000973861,0.000973861,0.000973861
128,83.1831,0.69424,0.63955,0.81351,0.62024,0.7386,0.6255,0.47814,0.73362,1.87786,0.86127,0.00096836,0.00096836,0.00096836
129,83.9091,0.57265,0.59076,0.82766,0.42222,0.66667,0.65356,0.55473,0.64634,3.10513,0.8649,0.000962859,0.000962859,0.000962859
130,84.6373,0.66532,0.72909,0.84731,0.14286,0.16667,0.17238,0.15514,0.73324,4.951,0.90082,0.000957358,0.000957358,0.000957358
131,85.3405,0.69618,0.59672,0.81675,0.33333,0.16667,0.24972,0.22475,0.74711,4.99072,0.88067,0.000951857,0.000951857,0.000951857
132,86.0626,0.64424,0.85447,0.78241,0.5,0.15738,0.26331,0.23155,0.7511,4.16417,0.86821,0.000946356,0.000946356,0.000946356
133,86.6394,0.4401,3.30686,0.61274,0.59626,0.77888,0.62096,0.50315,0.71696,1.3706,0.86239,0.000940855,0.000940855,0.000940855
134,87.2234,0.55826,0.67891,0.76977,0.375,0.83333,0.53979,0.41952,0.72996,2.49193,0.87357,0.000935354,0.000935354,0.000935354
135,87.8314,0.62885,1.038,0.78752,0.27143,0.83333,0.46103,0.37744,0.63489,2.42276,0.85473,0.000929853,0.000929853,0.000929853
136,88.4309,0.68909,0.71146,0.81561,0.47353,0.75,0.67543,0.53948,0.65547,1.28043,0.85319,0.000924352,0.000924352,0.000924352
137,89.147,0.63479,0.95353,0.79894,0.5008,0.83333,0.77125,0.63394,0.69235,1.15934,0.86627,0.00091885,0.00091885,0.00091885
138,89.7319,0.56231,0.70317,0.80644,0.50501,0.83333,0.73667,0.62413,0.65403,1.04304,0.85408,0.000913349,0.000913349,0.000913349
139,90.3142,0.49825,0.62186,0.83013,0.44906,0.41667,0.639,0.54458,0.66903,2.39257,0.84897,0.000907848,0.000907848,0.000907848
140,90.9033,0.58409,0.75163,0.8008,0.82468,0.45135,0.7475,0.58693,0.70731,1.34825,0.85161,0.000902347,0.000902347,0.000902347
141,91.4908,0.60028,0.66937,0.84554,0.93248,0.5,0.786,0.66455,0.66676,0.98559,0.85053,0.000896846,0.000896846,0.000896846
142,92.1286,0.56819,0.66433,0.81921,0.50018,0.73448,0.70693,0.59492,0.63336,1.08919,0.84941,0.000891345,0.000891345,0.000891345
143,92.6983,0.67924,0.93274,0.8328,0.44636,0.72165,0.59369,0.48724,0.69922,1.80759,0.86273,0.000885844,0.000885844,0.000885844
144,93.2639,0.57252,0.72465,0.81138,0.33333,0.83333,0.45652,0.36205,0.75096,2.54555,0.87929,0.000880343,0.000880343,0.000880343
145,93.8774,0.60378,0.59824,0.81929,0.46332,0.64393,0.54197,0.42223,0.72215,1.59849,0.87773,0.000874842,0.000874842,0.000874842
146,94.4644,0.58872,0.77729,0.82379,0.39091,0.83333,0.52518,0.41082,0.72229,2.01209,0.88446,0.00086934,0.00086934,0.00086934
147,95.051,0.60982,0.55277,0.82025,0.25481,0.75,0.38804,0.32759,0.69235,2.49107,0.8724,0.000863839,0.000863839,0.000863839
148,95.6307,0.56449,0.6441,0.80939,0.41741,0.49946,0.39367,0.33424,0.64731,2.32519,0.86496,0.000858338,0.000858338,0.000858338
149,96.26,0.61676,0.61259,0.78637,0.24476,0.66667,0.35026,0.27551,0.63456,3.02374,0.86647,0.000852837,0.000852837,0.000852837
150,96.8334,0.59262,0.57877,0.84501,0.42484,0.5,0.53757,0.44474,0.5894,2.09503,0.85164,0.000847336,0.000847336,0.000847336
151,97.3916,0.67502,0.75686,0.7538,0.57538,0.57962,0.68849,0.57673,0.5837,1.38664,0.84709,0.000841835,0.000841835,0.000841835
152,97.9725,0.59315,0.59697,0.83577,0.46119,0.66111,0.67736,0.56451,0.66605,1.44969,0.8547,0.000836334,0.000836334,0.000836334
153,98.577,0.6917,0.71579,0.81359,0.65367,0.66667,0.68935,0.592,0.61642,1.35182,0.84187,0.000830833,0.000830833,0.000830833
154,99.1894,0.54304,0.65041,0.79128,0.40341,0.75,0.45967,0.39111,0.66538,3.02022,0.85486,0.000825332,0.000825332,0.000825332
155,99.8188,0.54395,0.60163,0.80623,0.33333,0.16667,0.24972,0.22475,0.67889,4.33574,0.85858,0.000819831,0.000819831,0.000819831
156,100.415,0.59169,0.85958,0.79935,0.48571,0.66667,0.59582,0.52104,0.64097,3.07766,0.85694,0.000814329,0.000814329,0.000814329
157,100.966,0.55199,0.68854,0.82625,0.4375,1,0.77288,0.63327,0.69608,2.38686,0.86118,0.000808828,0.000808828,0.000808828
158,101.603,0.50132,0.51423,0.82638,0.44286,0.83333,0.76011,0.63246,0.64484,2.15772,0.8563,0.000803327,0.000803327,0.000803327
159,102.132,0.56736,0.6716,0.79513,0.41667,0.83333,0.72145,0.60243,0.61396,2.22355,0.85709,0.000797826,0.000797826,0.000797826
160,102.699,0.54103,0.56781,0.80691,0.81614,0.47214,0.7408,0.60056,0.6413,1.92358,0.86513,0.000792325,0.000792325,0.000792325
161,103.355,0.47338,0.48545,0.77326,0.51931,0.59858,0.69249,0.56335,0.64763,1.81547,0.8549,0.000786824,0.000786824,0.000786824
162,103.946,0.52358,0.52828,0.76052,0.52976,0.59242,0.60086,0.49116,0.67594,1.78755,0.85037,0.000781323,0.000781323,0.000781323
163,104.492,0.53493,0.92471,0.79461,0.56513,0.83333,0.70024,0.54321,0.67837,1.48428,0.85555,0.000775822,0.000775822,0.000775822
164,105.08,0.51079,0.55823,0.77392,0.65117,0.66667,0.72974,0.60137,0.68253,0.85013,0.85399,0.000770321,0.000770321,0.000770321
165,105.734,0.54152,0.58354,0.82864,0.48589,0.83333,0.77125,0.65586,0.57558,0.98016,0.83145,0.00076482,0.00076482,0.00076482
166,106.285,0.57026,0.55642,0.77982,0.4,1,0.76521,0.64748,0.56946,2.1394,0.84027,0.000759318,0.000759318,0.000759318
167,106.918,0.52066,0.60216,0.78877,0.58333,0.66667,0.67984,0.53744,0.57065,3.5031,0.85013,0.000753817,0.000753817,0.000753817
168,107.457,0.61408,0.60316,0.80074,0.5,0.83333,0.7202,0.5705,0.59066,2.45116,0.84151,0.000748316,0.000748316,0.000748316
169,108.062,0.54667,0.6214,0.81176,0.44444,0.83333,0.67941,0.60237,0.53078,1.98845,0.8339,0.000742815,0.000742815,0.000742815
170,108.668,0.54612,0.54832,0.77456,0.45833,0.66667,0.63335,0.51119,0.57626,2.60581,0.84125,0.000737314,0.000737314,0.000737314
171,109.256,0.49484,0.57133,0.7362,0.29167,0.83333,0.61233,0.51649,0.51942,2.22739,0.84056,0.000731813,0.000731813,0.000731813
172,109.862,0.56546,0.57999,0.80855,0.63633,0.58333,0.70485,0.5896,0.5502,1.53868,0.84004,0.000726312,0.000726312,0.000726312
173,110.476,0.53248,0.6491,0.82032,0.57467,0.74961,0.7457,0.66382,0.58775,0.92905,0.84702,0.000720811,0.000720811,0.000720811
174,111.062,0.48406,0.4805,0.82833,0.56136,0.81159,0.77932,0.66337,0.61216,0.88383,0.8519,0.00071531,0.00071531,0.00071531
175,111.693,0.56098,0.54124,0.77763,0.58691,0.76978,0.78721,0.65482,0.6353,1.11714,0.85721,0.000709809,0.000709809,0.000709809
176,112.4,0.6013,0.50429,0.80546,0.66083,0.41667,0.44963,0.36737,0.6317,1.69281,0.85856,0.000704307,0.000704307,0.000704307
177,113.164,0.56679,0.51093,0.82689,0.42797,0.64816,0.49181,0.41581,0.57821,1.66528,0.84915,0.000698806,0.000698806,0.000698806
178,113.779,0.64804,0.5171,0.83381,0.45645,0.68034,0.70632,0.59734,0.60443,1.39737,0.84312,0.000693305,0.000693305,0.000693305
179,114.404,0.56368,0.50723,0.82171,0.56757,0.58333,0.71243,0.59495,0.63782,1.3324,0.84596,0.000687804,0.000687804,0.000687804
180,114.938,0.52025,0.46654,0.77016,0.56752,0.67013,0.76352,0.67074,0.58484,1.39954,0.83346,0.000682303,0.000682303,0.000682303
181,115.516,0.58527,0.55005,0.79472,0.60793,0.75817,0.78366,0.69918,0.59201,1.28168,0.83191,0.000676802,0.000676802,0.000676802
182,116.103,0.58478,0.59808,0.7892,0.72109,0.75,0.72863,0.62449,0.64992,1.67977,0.85149,0.000671301,0.000671301,0.000671301
183,116.689,0.56021,0.45736,0.78993,0.5,0.75,0.67902,0.5856,0.57665,2.68333,0.8516,0.0006658,0.0006658,0.0006658
184,117.276,0.59722,0.50015,0.79715,0.52381,0.75,0.71053,0.62986,0.56493,2.71368,0.84751,0.000660299,0.000660299,0.000660299
185,117.916,0.48894,0.47424,0.82897,0.39773,0.83333,0.63645,0.54061,0.5864,2.4565,0.84392,0.000654798,0.000654798,0.000654798
186,118.492,0.47121,0.5428,0.81284,0.71664,0.61979,0.75799,0.63024,0.66806,2.00836,0.86108,0.000649297,0.000649297,0.000649297
187,119.14,0.60539,0.64259,0.77551,0.57848,0.79512,0.78601,0.62737,0.63826,1.35404,0.85767,0.000643795,0.000643795,0.000643795
188,119.681,0.36803,0.75287,0.59703,0.62894,0.78202,0.78941,0.683,0.5368,1.36412,0.84219,0.000638294,0.000638294,0.000638294
189,120.348,0.51888,0.54819,0.8194,0.60677,0.64986,0.79969,0.64564,0.55573,1.74046,0.84262,0.000632793,0.000632793,0.000632793
190,121.049,0.62784,0.53881,0.79253,0.52769,0.61823,0.79461,0.69521,0.5212,1.61969,0.8385,0.000627292,0.000627292,0.000627292
191,121.757,0.59262,0.62899,0.77951,0.52817,0.66481,0.76969,0.59388,0.61402,1.48499,0.85378,0.000621791,0.000621791,0.000621791
192,122.497,0.65097,0.63907,0.83914,0.47137,0.72223,0.74354,0.58648,0.6538,1.31956,0.86309,0.00061629,0.00061629,0.00061629
193,123.25,0.45373,0.43515,0.79292,0.54709,0.79804,0.77125,0.61467,0.64863,1.03302,0.87633,0.000610789,0.000610789,0.000610789
194,123.844,0.5227,0.47828,0.78839,0.89676,0.41667,0.76433,0.5912,0.69007,1.33668,0.89139,0.000605288,0.000605288,0.000605288
195,124.445,0.60342,0.5079,0.77619,0.46165,0.6843,0.75476,0.62484,0.63174,1.52096,0.86658,0.000599787,0.000599787,0.000599787
196,125.034,0.4167,0.47742,0.60798,0.56351,0.75562,0.80879,0.6716,0.59482,1.32418,0.85848,0.000594286,0.000594286,0.000594286
197,125.673,0.49411,0.54441,0.8052,0.57175,0.70686,0.76153,0.66448,0.53853,1.25449,0.83672,0.000588784,0.000588784,0.000588784
198,126.215,0.58758,0.49208,0.77454,0.48551,0.83333,0.70289,0.60145,0.59927,1.18232,0.83264,0.000583283,0.000583283,0.000583283
199,126.833,0.41469,0.46889,0.79412,0.46759,0.80841,0.69572,0.62836,0.5579,1.1113,0.83257,0.000577782,0.000577782,0.000577782
200,127.384,0.51699,0.4618,0.77217,0.59682,0.58333,0.63414,0.55515,0.5688,1.27785,0.83437,0.000572281,0.000572281,0.000572281
201,127.988,0.35451,0.68621,0.5865,0.5505,0.66169,0.52227,0.46001,0.54657,1.96418,0.82796,0.00056678,0.00056678,0.00056678
202,128.621,0.50961,0.52031,0.83257,0.41111,0.83333,0.5787,0.50776,0.61701,1.91169,0.8373,0.000561279,0.000561279,0.000561279
203,129.169,0.45627,0.43176,0.77258,0.51793,0.66667,0.60583,0.53126,0.59036,1.4876,0.83478,0.000555778,0.000555778,0.000555778
